Name,Index,Location,ID,Message
Alexis,10,Punggol,4090b43,Production 4090b43
Scott,20,Bedok,bfb34d3,Prevent
Ronald,30,one-north,86defac,Difference 86defac
Cindy,40,Punggol,40d0ced,Central
Eric,50,one-north,aeff08d,Military aeff08d
David,60,Bedok,5d1152d,Study
Desiree,70,Punggol,50d9ece,Window 50d9ece
Susan,80,Jurong East,2cb3035,Wrong
Seth,90,Tampines,716a3ef,Response 716a3ef
Melissa,100,one-north,d420e40,There
Stephanie,110,one-north,d1e2e1a,Five
Tyler,120,Punggol,f160f54,Student
Todd,130,one-north,e20d094,Citizen
Jennifer,140,Punggol,9bee117,Up
Tanya,150,one-north,e954c02,Body
Justin,160,Bedok,2f28299,Receive 2f28299
Jennifer,170,Tampines,77ee23e,Drop 77ee23e
Jerry,180,Punggol,3effed3,Name 3effed3
Brandon,190,Jurong East,6b7dfa1,Word 6b7dfa1
Michael,200,Tampines,1b47ffa,Note 1b47ffa
Shirley,210,Tampines,e04418e,Explain e04418e
Joshua,220,Punggol,8373fdf,Great
Traci,230,one-north,9086f10,Alone 9086f10
Whitney,240,one-north,c721ea2,Include c721ea2
John,250,one-north,e5ebc4d,Question e5ebc4d
Jennifer,260,one-north,92ad4dc,Glass 92ad4dc
Brittany,270,Jurong East,e71736b,Easy e71736b
Sarah,280,Jurong East,52c536d,Among
Breanna,290,Tampines,9d061c3,According 9d061c3
Brian,300,Tampines,02ba4f8,Enjoy
Eric,310,one-north,0ff2c7e,Southern
Rhonda,320,Bedok,7696f09,Kid 7696f09
Jennifer,330,Tampines,0b76c73,Pass 0b76c73
Brittany,340,Punggol,bb9df34,Knowledge bb9df34
Kimberly,350,Bedok,6745272,Wide
Samantha,360,Tampines,3d2d274,This
Don,370,Jurong East,1e1f279,Trial 1e1f279
John,380,Jurong East,6bcc179,Place 6bcc179
Mrs.,390,Tampines,f75a868,Home f75a868
Crystal,400,Bedok,7556053,Plan 7556053
Lisa,410,Tampines,a523076,Unit
Meagan,420,Tampines,0132303,Course
Isaiah,430,Bedok,751d8be,Social 751d8be
Maria,440,Tampines,d18eebe,Peace
Michelle,450,Tampines,d358251,Or
Mark,460,Jurong East,87d4ab6,Image
Jerry,470,Tampines,4523201,Age 4523201
Casey,480,Tampines,48964f4,Occur
Denise,490,Bedok,99b8250,Chair
Nancy,500,Punggol,ca8ba18,Truth ca8ba18
Edward,510,Bedok,bdff346,There bdff346
Daniel,520,Jurong East,aef98bf,Without aef98bf
Tyler,530,Bedok,64fea42,Yeah 64fea42
Kimberly,540,one-north,73e7680,Outside 73e7680
Curtis,550,Jurong East,2e7174c,Wonder
Mary,560,Tampines,193060b,Garden
Jessica,570,Bedok,1196b47,Southern
Brent,580,Tampines,7f7f922,Employee
Robert,590,Jurong East,858ee89,Bit 858ee89
Ashley,600,one-north,e10ce1b,Accept
Wendy,610,one-north,6926007,Art
Stephen,620,one-north,353ae0e,Day
Luis,630,Punggol,8c34e3d,In
Tina,640,Tampines,5fcefc8,In 5fcefc8
Cindy,650,one-north,9ae75b5,Middle 9ae75b5
Cindy,660,Punggol,2d7fd65,Treatment
Dr.,670,Bedok,1cfdd8b,Than 1cfdd8b
Samantha,680,one-north,17c3879,System 17c3879
Frank,690,one-north,4c87e03,First 4c87e03
James,700,Tampines,2a362da,Ask
James,710,Bedok,c8652ed,Former c8652ed
Thomas,720,Jurong East,4df65e3,Watch 4df65e3
Jennifer,730,Bedok,b665f8c,Charge
Christina,740,Punggol,2305333,State
Samuel,750,Bedok,e7a4101,Born
William,760,Jurong East,7c98eea,Admit
Lori,770,Tampines,a2e24f0,Woman
Jason,780,Tampines,16ebd16,Current 16ebd16
Cheryl,790,Tampines,ba02bec,Nearly
Scott,800,Tampines,fab39e1,Often
Jesus,810,Tampines,451b059,Onto
Mrs.,820,Punggol,ca7b621,Ability
Lori,830,Tampines,eab149c,Federal eab149c
Susan,840,Tampines,349a62d,Bit
Aaron,850,one-north,6a417b8,Common 6a417b8
Melissa,860,Bedok,3eae8d9,Business 3eae8d9
Cindy,870,one-north,e421cac,Support
Barbara,880,Punggol,f3d3e3d,Commercial f3d3e3d
Christopher,890,Tampines,faac6f4,Life
Allison,900,one-north,082c489,Term
Tammy,910,Bedok,e1d2cc3,Ability
Steven,920,Tampines,ff589f1,Alone ff589f1
Jason,930,Tampines,eb2eb11,The eb2eb11
Tyler,940,Tampines,d21fe42,Note
Toni,950,Bedok,4ceb772,Item
Victoria,960,Punggol,6419cc2,Set 6419cc2
Bryan,970,Jurong East,8839099,Try
Melissa,980,Tampines,f8f6151,Believe
Holly,990,Jurong East,9e62da4,Policy
Kyle,1000,Punggol,4ad3021,Maintain 4ad3021
Barbara,1010,one-north,516b68a,Born 516b68a
Travis,1020,Bedok,97c5985,Detail
Tracy,1030,Bedok,91bd7ee,Congress 91bd7ee
Douglas,1040,Punggol,f4cbf41,Wear
Erica,1050,Bedok,17f4fa1,Result 17f4fa1
Katherine,1060,one-north,8ae82b9,Offer 8ae82b9
George,1070,Punggol,c28d82c,Whom
Haley,1080,Jurong East,a5583cd,Dog a5583cd
Connie,1090,Tampines,f529163,Young f529163
April,1100,one-north,6add242,Away
Lucas,1110,Bedok,b4a0bef,Late
Jonathan,1120,Tampines,e13a242,Manage
Michael,1130,one-north,7be6480,Beat 7be6480
Richard,1140,Bedok,41fd9c8,Magazine
Michael,1150,Tampines,93ddbda,Able
Tommy,1160,one-north,6d1a013,Tough 6d1a013
Cassandra,1170,Punggol,b600618,Suddenly b600618
James,1180,one-north,420344c,Partner 420344c
Brian,1190,Tampines,0137fed,Health 0137fed
Rachel,1200,Tampines,b986b7e,Specific b986b7e
Denise,1210,Jurong East,3731c1a,Make
Mark,1220,Jurong East,e3337e3,Degree
Mr.,1230,Jurong East,8178b08,Open 8178b08
Leah,1240,one-north,bdc46b8,Now
Shelley,1250,Bedok,75b9c3f,Strategy 75b9c3f
Joseph,1260,Tampines,e954c9e,Exactly
Jeremy,1270,Punggol,4d7cccf,Firm 4d7cccf
Brian,1280,Tampines,1673372,Apply 1673372
Jade,1290,Jurong East,5d57a50,Billion
Ernest,1300,Punggol,56cd4aa,Threat
Natalie,1310,Jurong East,12bcb2a,Against 12bcb2a
Craig,1320,Bedok,dda8889,Color
Justin,1330,Tampines,4dd3954,Seven
Regina,1340,Punggol,3dc840e,Human 3dc840e
Philip,1350,Bedok,e23867f,Many
Deborah,1360,Tampines,16dc758,Value 16dc758
Christopher,1370,Punggol,864685e,National
Rodney,1380,Tampines,6a62ff1,Tax 6a62ff1
Brittany,1390,Bedok,722364a,Else
Kara,1400,Punggol,c8858e7,Cause
Luke,1410,Tampines,63b6114,Sea
Adam,1420,Bedok,06f6cc4,Join 06f6cc4
Joseph,1430,Jurong East,4f10e0f,People 4f10e0f
Julie,1440,one-north,574651a,Spend 574651a
Erin,1450,Punggol,a9d2e55,Game a9d2e55
Jeffrey,1460,Jurong East,95f684f,Charge 95f684f
Chris,1470,Punggol,c15459f,Or c15459f
Stephanie,1480,Punggol,2263000,Church 2263000
Susan,1490,Jurong East,b2deae6,Save b2deae6
Kevin,1500,Tampines,aa9ef15,Power
Todd,1510,Punggol,77730a7,His 77730a7
Cynthia,1520,Bedok,0afa098,Our
Angela,1530,Tampines,35be015,Team 35be015
Stephanie,1540,Tampines,875750b,Middle 875750b
Diane,1550,Punggol,b661c8e,Soon
Wesley,1560,Tampines,f67cdb2,Word
Ariana,1570,Punggol,3c7b2a0,Behind 3c7b2a0
Mrs.,1580,one-north,1446aea,Management
Adrian,1590,Jurong East,19dd844,Quickly
Judith,1600,Tampines,3fa65db,Future
James,1610,Jurong East,9c6f218,Back
Michael,1620,Bedok,1a73fb5,Wait 1a73fb5
Lindsey,1630,one-north,2f62199,Else
Gloria,1640,Jurong East,6ca2fe1,Yeah
Jon,1650,Punggol,93e93af,Federal
Kenneth,1660,Jurong East,70bba1f,Water 70bba1f
Alyssa,1670,Punggol,694a77a,Game
Donald,1680,one-north,40b39ea,Though
Deborah,1690,Jurong East,8573adb,Near 8573adb
Eric,1700,one-north,c2627ff,Seek c2627ff
Laura,1710,Punggol,a616f55,Fall
Stephen,1720,one-north,fdb3ee9,Pass fdb3ee9
Mark,1730,Jurong East,c2b13a2,Bring c2b13a2
Amy,1740,Jurong East,15284d5,Whether
Lori,1750,Bedok,a5f5818,Traditional a5f5818
Jeffrey,1760,Jurong East,35e033e,Land 35e033e
Victoria,1770,Punggol,4d51b78,Sometimes
Jeffrey,1780,Jurong East,9547167,Second 9547167
Michelle,1790,Punggol,b16f8d6,How b16f8d6
Sarah,1800,one-north,c9919c5,Music
Melanie,1810,Bedok,e0ce33c,Environment e0ce33c
Katherine,1820,Tampines,268bc57,Old
Jeremy,1830,Punggol,c8b2abf,Nearly
Elijah,1840,Tampines,71e4c9a,Pull 71e4c9a
Jeremy,1850,Bedok,693e110,Simply 693e110
Krista,1860,Jurong East,fc40676,Base fc40676
Ruth,1870,Punggol,e26d24a,Something e26d24a
Casey,1880,Bedok,c1a3f37,Blue c1a3f37
Michele,1890,Jurong East,53c1839,Can
Marie,1900,Bedok,6e22f23,Decision 6e22f23
Cody,1910,Tampines,1617af9,Hard 1617af9
Danielle,1920,Bedok,80458fe,Type 80458fe
Sherri,1930,Punggol,8adebe8,Goal
David,1940,one-north,d434b71,Officer
Kyle,1950,Jurong East,1c13ade,Put
Jessica,1960,one-north,e2a5d83,This
Elizabeth,1970,Tampines,69b617a,Buy
Dana,1980,Bedok,02bd870,Evidence
Dr.,1990,Punggol,9b02313,Left 9b02313
Virginia,2000,Bedok,118ae53,Get 118ae53
Michelle,2010,Tampines,2c33b7d,Effort
Gregory,2020,Tampines,bf9d049,Marriage bf9d049
Theresa,2030,Punggol,d163784,Respond
Thomas,2040,Tampines,c81e01d,Test
Michelle,2050,Tampines,0588248,Season
Kathryn,2060,one-north,31ffc74,Fear 31ffc74
Melissa,2070,Punggol,a0d0743,Involve
Walter,2080,one-north,47ae47d,Again
Mary,2090,Punggol,cd7fc6a,Camera cd7fc6a
Courtney,2100,Punggol,c95239a,Option c95239a
Hannah,2110,Bedok,6516777,Necessary 6516777
Joy,2120,Bedok,8461ab7,Arm
Tyler,2130,Punggol,4e78740,Stop 4e78740
Zachary,2140,Tampines,24ac1cb,Recently
Katie,2150,Tampines,66569ea,East
William,2160,Tampines,00be67c,Air
Sharon,2170,one-north,0de7ffa,Appear
Christopher,2180,Jurong East,32f7413,Performance
Jamie,2190,Tampines,812699e,Indicate
Jon,2200,one-north,0a5217d,Five
Sara,2210,Bedok,7befa94,Production 7befa94
Justin,2220,Tampines,4637fbb,School 4637fbb
Amber,2230,one-north,f4abbd6,Know f4abbd6
Preston,2240,one-north,0d74fa1,Start 0d74fa1
Anthony,2250,Jurong East,9e9f6e6,Measure
Christy,2260,Tampines,62cc788,Economy 62cc788
Jason,2270,Jurong East,643f0d0,City
Kristina,2280,one-north,4d8dc2d,Threat
Amanda,2290,one-north,c88968a,Buy c88968a
Michael,2300,Tampines,c3591ae,Model c3591ae
Melissa,2310,Bedok,cc69673,Both cc69673
Dustin,2320,Punggol,bdb20c3,On bdb20c3
Joseph,2330,Jurong East,74fadbd,Would
Daniel,2340,Punggol,7e27401,Firm 7e27401
Paul,2350,one-north,19862b6,Eye
Grace,2360,Punggol,8805151,Catch
Kendra,2370,Tampines,60cd0b2,More
Cody,2380,Jurong East,252f706,Boy 252f706
Melissa,2390,Tampines,b2339ec,Life
Richard,2400,Jurong East,0d48428,Most
Erica,2410,Tampines,a082c0b,Way
Barbara,2420,Bedok,ad89ead,Trade ad89ead
Denise,2430,Bedok,2684450,Entire
Heather,2440,one-north,5d6db12,Away
Gregory,2450,Punggol,41da540,Next
Susan,2460,Jurong East,37a40c1,Director
Charles,2470,Tampines,1664df9,Huge
Jacqueline,2480,Jurong East,9bc21b6,Produce
Philip,2490,Tampines,672aaa8,Mission
Laura,2500,Tampines,a0aa031,Citizen a0aa031
Victor,2510,Punggol,52ed9c7,Money 52ed9c7
Joseph,2520,Tampines,fc54c3d,Various
Lisa,2530,Punggol,d924010,Food d924010
Jose,2540,Punggol,0d4a093,Feeling 0d4a093
Richard,2550,Tampines,f856cfb,Major f856cfb
Sharon,2560,Jurong East,3d386ba,Camera 3d386ba
Trevor,2570,Bedok,99b9cd7,Chair 99b9cd7
Laurie,2580,Tampines,b18deda,Once
William,2590,one-north,f81406d,Responsibility f81406d
Jennifer,2600,Jurong East,e6d4fb4,Partner
Destiny,2610,Punggol,f952b60,Administration f952b60
Frank,2620,one-north,fc8e028,Get fc8e028
Chris,2630,Punggol,127de63,Positive 127de63
Jeremy,2640,one-north,ebe0ea2,Environment
Renee,2650,Punggol,6e3d582,Prevent 6e3d582
Jennifer,2660,Jurong East,1cf2448,Manage 1cf2448
Jacob,2670,Punggol,f613869,Inside f613869
Bailey,2680,Jurong East,d045cf3,Big
Timothy,2690,one-north,6ac1918,Music
Kevin,2700,Bedok,243f16a,Somebody
Justin,2710,Tampines,1665281,Month 1665281
Kristen,2720,Punggol,3fd2c65,Girl
Jennifer,2730,Tampines,a85ad4f,Produce a85ad4f
Elizabeth,2740,Tampines,321442d,Rest
Kristin,2750,Jurong East,3ca8bf7,City 3ca8bf7
Alvin,2760,Punggol,7581c55,Kind
Misty,2770,Punggol,1220e52,May
Mark,2780,Punggol,ca6dd1d,Never
Richard,2790,Jurong East,d989d20,Raise d989d20
Dennis,2800,one-north,3590a22,General
Daniel,2810,Jurong East,0412a72,Wind
Kathy,2820,Bedok,703c8da,Information
Sarah,2830,Bedok,a7c09fc,Measure
Kristy,2840,Bedok,1d1e419,Main
David,2850,one-north,fde95ec,Among fde95ec
Timothy,2860,Punggol,39a8885,Ready
Joy,2870,Punggol,20e7fd4,Than 20e7fd4
Anthony,2880,Bedok,04bd412,Economic
Tracie,2890,Tampines,c2b126f,Often c2b126f
Katie,2900,Jurong East,ad497ba,Fill
Jason,2910,Jurong East,1b714be,Serve
Logan,2920,Tampines,4783306,Table 4783306
Jeffery,2930,Punggol,ac0175a,Increase ac0175a
Thomas,2940,Bedok,576d081,Hope
Erik,2950,Bedok,4019e78,White 4019e78
Zachary,2960,Jurong East,5cfaf7b,Drive 5cfaf7b
Melissa,2970,Punggol,355a0e4,Choose
Jesus,2980,Jurong East,e3b3a2a,Contain
Jessica,2990,Jurong East,9a32912,Explain 9a32912
Rebecca,3000,Punggol,d58b823,Down d58b823
Nathan,3010,Tampines,9c0c152,Kind
Joshua,3020,Tampines,ea23aa7,Fine ea23aa7
Cheryl,3030,Tampines,a1df2b9,Add a1df2b9
Jared,3040,Tampines,e92813c,Five e92813c
Ashley,3050,Tampines,8e42cd0,Much 8e42cd0
Manuel,3060,Bedok,53c91b1,That
Aaron,3070,Tampines,f627533,Officer f627533
Peter,3080,Bedok,959a0c8,Eat
Tyler,3090,Bedok,e6cd55e,Leave
Christopher,3100,Punggol,d2a0924,Eat
Dr.,3110,Bedok,f651841,There f651841
Tina,3120,Tampines,a3fc556,Reflect a3fc556
Dale,3130,Bedok,56d5ef2,Investment
Christopher,3140,Tampines,e33d4e0,War
William,3150,Punggol,6528b77,Player
Brian,3160,one-north,6ad5bbf,Agreement 6ad5bbf
Katherine,3170,Jurong East,0ac70c9,Exactly
Riley,3180,Jurong East,affdd51,Woman
Michael,3190,one-north,8557a09,Like 8557a09
Christopher,3200,Jurong East,faed81a,Involve
Pamela,3210,one-north,6822fd4,Maintain
Brenda,3220,Jurong East,7661d09,Speak
Amy,3230,Punggol,b91eac1,Instead b91eac1
Michael,3240,Jurong East,0a174d9,Nearly
Jimmy,3250,one-north,d82205e,Drive d82205e
Samantha,3260,Bedok,48e997a,Act 48e997a
Tyler,3270,one-north,9cd423a,Use 9cd423a
Christopher,3280,Tampines,57ad4a4,Law 57ad4a4
Timothy,3290,Bedok,38511ab,Pass 38511ab
Jacob,3300,Jurong East,b0bb00b,Mother
Erica,3310,Jurong East,73a79bb,Garden 73a79bb
Brandon,3320,Bedok,08ec8c7,Out
Anthony,3330,Tampines,e1832fd,Partner
Brian,3340,Tampines,b0d7e23,Tax
John,3350,Jurong East,680c615,Always
Natasha,3360,Tampines,bfe0984,Imagine
William,3370,Bedok,6604ec5,Past
Wendy,3380,Jurong East,ef41067,Cultural
Diane,3390,Bedok,2824a70,Tax 2824a70
Scott,3400,one-north,288a535,Health 288a535
Sandra,3410,one-north,dc09920,Traditional dc09920
Debra,3420,Bedok,ddbad6e,Threat ddbad6e
Rebecca,3430,Bedok,a07b6b2,Write
Theresa,3440,one-north,6a864c1,Remain 6a864c1
Alex,3450,Jurong East,5e44a3b,Current
Tyler,3460,Tampines,2c3d9df,It
Ashley,3470,Jurong East,f37818c,Gas
Joan,3480,Tampines,d96dd00,Traditional d96dd00
Kayla,3490,Punggol,2c7a1bf,Join
William,3500,Punggol,3a21f45,Yet
Sandra,3510,Bedok,4c201b7,Have 4c201b7
Miss,3520,Tampines,08dbbed,Several 08dbbed
Kevin,3530,Tampines,2445cf5,Deep
Jose,3540,Bedok,a012031,Wide
Chris,3550,Tampines,c4df3b2,Race c4df3b2
Melissa,3560,Bedok,de17670,Culture de17670
Benjamin,3570,Punggol,dddadef,Itself dddadef
Matthew,3580,Bedok,4f06022,Woman
Steven,3590,one-north,45ad3f2,Open 45ad3f2
Heidi,3600,Punggol,17cc5f6,Trip
Christopher,3610,one-north,8ea1051,Game 8ea1051
Lisa,3620,Punggol,8b0c064,Family
Chad,3630,Jurong East,b8aae2c,Hair b8aae2c
Erik,3640,Punggol,04a7ec1,Middle
Lauren,3650,Bedok,d8ae7bf,Hit d8ae7bf
Michael,3660,Jurong East,a185920,Eat
Devon,3670,Tampines,59a21c3,Like
Jacob,3680,one-north,ebabd89,Ok
Duane,3690,Tampines,88b976e,Painting 88b976e
Michelle,3700,one-north,e1296ec,Issue
Mark,3710,one-north,8155737,Hundred
Lisa,3720,Jurong East,eee82d4,Interesting eee82d4
Michael,3730,Bedok,5a74d53,Down
Matthew,3740,Jurong East,ff13889,Common ff13889
Mark,3750,Jurong East,0343b57,Single 0343b57
Mallory,3760,Tampines,a78bf9f,Individual
Kathryn,3770,one-north,985b7f8,Stay 985b7f8
Andrea,3780,Tampines,f9e9f09,Four f9e9f09
Paul,3790,Tampines,d9f67da,Fast
Albert,3800,Punggol,1e80a7b,Our
Melissa,3810,Punggol,f6bf663,Property f6bf663
Kathryn,3820,Punggol,3c6fb69,Our 3c6fb69
Julie,3830,one-north,17aa4d2,She 17aa4d2
Brian,3840,Bedok,742d461,Per
Andrea,3850,Jurong East,c69c107,Light c69c107
Erin,3860,Bedok,d8a1659,Turn
Ann,3870,Bedok,be70cc2,Grow
Tammy,3880,Jurong East,de5d6e0,Month
Vanessa,3890,Jurong East,3a1cd48,Wide 3a1cd48
Ryan,3900,one-north,c9494e9,Election
Cody,3910,one-north,d728cdf,Office
Benjamin,3920,Jurong East,436d68c,Section
Pamela,3930,Bedok,2ef54f7,Easy 2ef54f7
Jacob,3940,Jurong East,532a4e0,Able
Raymond,3950,Jurong East,465321b,Four 465321b
Valerie,3960,Jurong East,e4c6bc7,Investment e4c6bc7
Jasmin,3970,one-north,7299444,Argue
Daniel,3980,Jurong East,e8f9082,Daughter e8f9082
Felicia,3990,Punggol,18aabe0,Trade 18aabe0
Kevin,4000,one-north,a25afe4,Huge
Natasha,4010,Bedok,3f32f90,Hand
Daniel,4020,Punggol,b141cd2,Impact b141cd2
Alison,4030,Bedok,67c6774,Store
Sean,4040,Bedok,a006c2e,Room a006c2e
Olivia,4050,Punggol,7a4a895,Part
Jason,4060,one-north,b669b9e,Score b669b9e
Edward,4070,Bedok,23b9e46,Doctor
Chris,4080,one-north,8d78d19,End
Brenda,4090,Bedok,9ce9d18,Southern 9ce9d18
Jennifer,4100,one-north,7374651,Collection 7374651
Robert,4110,Bedok,7667488,Fine 7667488
Mason,4120,Punggol,13c110f,Up 13c110f
Mrs.,4130,Bedok,5c6e224,Example
Brian,4140,Bedok,5b3ed80,Room
Krystal,4150,one-north,0efbe61,Soldier 0efbe61
Dustin,4160,one-north,b91979c,For
James,4170,Tampines,48562df,Foreign
Susan,4180,Punggol,1eb366a,No 1eb366a
Craig,4190,Punggol,b8686c2,Out b8686c2
Christina,4200,one-north,a7c3f05,Check a7c3f05
William,4210,Tampines,d1457a5,Building d1457a5
Holly,4220,Tampines,edc40bf,Crime
Taylor,4230,Tampines,66af01b,Rather 66af01b
Emily,4240,Bedok,3309e38,Process 3309e38
Ricardo,4250,Jurong East,e0c344d,Interesting e0c344d
Mark,4260,Jurong East,ae1ae57,Base ae1ae57
Matthew,4270,one-north,4f919e5,Decision 4f919e5
Nathaniel,4280,Bedok,2d458cd,Build 2d458cd
Erin,4290,Jurong East,601c4bb,Cell
Charles,4300,Punggol,8a517d9,Big
Danielle,4310,one-north,764e5c0,Pay 764e5c0
Michelle,4320,Bedok,1a852f6,Above 1a852f6
Edward,4330,Tampines,2a66283,Election 2a66283
Steven,4340,Jurong East,6781efa,Push
Philip,4350,Jurong East,ae6d564,Majority
Tammy,4360,one-north,86d9877,Serve 86d9877
Hayden,4370,Punggol,23d9fb2,Name
Samantha,4380,Punggol,9c4d04d,Work 9c4d04d
Gregory,4390,one-north,1a13aa7,Carry
Sarah,4400,Tampines,74d91b5,If 74d91b5
Melissa,4410,Punggol,4c8aab1,Possible 4c8aab1
Martin,4420,Punggol,534334e,Firm 534334e
Sabrina,4430,one-north,f57ec96,Only
Mark,4440,Punggol,4c4e4a4,Imagine
Michael,4450,Bedok,bdf055e,Role bdf055e
Frank,4460,Bedok,f4819d4,Car
Stephen,4470,Bedok,27a4139,Cup 27a4139
Katherine,4480,Tampines,2c844e1,Score 2c844e1
Julie,4490,Jurong East,f0bf616,Themselves
Mark,4500,Bedok,a5a2dab,Main
Dr.,4510,Tampines,e2ebf91,Democrat
Laurie,4520,Punggol,2c538f2,Draw 2c538f2
Holly,4530,Jurong East,686f056,Benefit 686f056
Albert,4540,Tampines,a74110c,Bar
Donald,4550,Jurong East,bff5621,Serve
Jane,4560,Jurong East,021acfc,Reduce 021acfc
Whitney,4570,Tampines,94508a9,Recent
Thomas,4580,Bedok,fe1204a,List fe1204a
Michael,4590,Jurong East,47845b5,Door
David,4600,Tampines,fb877d1,Culture
Jerry,4610,Bedok,4d615d9,Three 4d615d9
Laura,4620,Jurong East,227c414,Strong 227c414
Jimmy,4630,Punggol,06a9c08,Mean 06a9c08
Robert,4640,Jurong East,f6d0527,Song f6d0527
Allison,4650,Jurong East,06f14b4,Price
Brendan,4660,Punggol,21be2f8,Theory 21be2f8
Laura,4670,Jurong East,2725b73,Old
Michael,4680,Tampines,fff686a,Bill fff686a
Sean,4690,one-north,4a24ce4,Pay
Robert,4700,one-north,4094b1b,Window 4094b1b
Ronald,4710,Jurong East,ff40c3f,Moment
Brian,4720,Tampines,4f9ddd0,Station
Anthony,4730,Punggol,83d393b,Stage 83d393b
Mark,4740,Jurong East,652b534,Much
Michael,4750,Tampines,eea626a,Herself eea626a
David,4760,Jurong East,f91e34b,Beyond
Stephanie,4770,Bedok,39ed046,Able
Mr.,4780,Tampines,884bd41,Cup 884bd41
Lisa,4790,Tampines,a28e51e,Thus a28e51e
Ronnie,4800,Tampines,385ab30,Page
James,4810,Punggol,edf902a,Wind
Sean,4820,Tampines,39eff0e,Any 39eff0e
Lisa,4830,Punggol,2d91661,Bill 2d91661
Wesley,4840,Jurong East,87bbdf0,Address 87bbdf0
Patrick,4850,Punggol,422605f,Road 422605f
Elizabeth,4860,one-north,6380b98,Wife
Dustin,4870,Bedok,051707e,Issue
Dr.,4880,Jurong East,6b17107,Training 6b17107
Catherine,4890,Tampines,f0e32ad,Adult
Jason,4900,Bedok,3df8309,Call 3df8309
John,4910,Punggol,aaffff6,Glass aaffff6
Dustin,4920,Bedok,2fbdff3,Quickly
Christy,4930,one-north,d1f43cc,Want d1f43cc
James,4940,Jurong East,ea787b2,Left
Jordan,4950,one-north,d4d3b1e,Into
Barbara,4960,Bedok,34461e3,System 34461e3
Terry,4970,Bedok,e573d85,Debate
Ronald,4980,Bedok,46f019a,Officer
Brian,4990,Tampines,02f1f71,Ok
Kimberly,5000,Jurong East,feea6c3,General feea6c3
Angela,5010,Jurong East,c8ba230,Society
Yolanda,5020,Punggol,4788159,Close 4788159
Chase,5030,Punggol,3404db0,Issue 3404db0
Nathan,5040,Jurong East,a53643b,Type
Carol,5050,Bedok,29a5f2f,Good 29a5f2f
John,5060,one-north,2cefd5e,Outside 2cefd5e
Gary,5070,Jurong East,243be99,Market 243be99
Carl,5080,Bedok,151f77c,Professor
Jeremy,5090,one-north,ca61d83,Score
Brianna,5100,Jurong East,c081022,Today c081022
Angela,5110,Punggol,0f67de9,Street 0f67de9
Justin,5120,Punggol,4a23ee9,Public
Jessica,5130,Bedok,b95b70e,Action b95b70e
Joseph,5140,Tampines,e2a2943,Better e2a2943
Patrick,5150,Jurong East,5b92db1,Drive 5b92db1
Thomas,5160,Tampines,5ffd1d7,Buy
Jennifer,5170,Punggol,17941c0,Would 17941c0
Doris,5180,Punggol,4e17607,Cover 4e17607
Joel,5190,Bedok,49c19ef,Check
Christine,5200,Jurong East,5f5649e,Start
Brenda,5210,one-north,d488f74,Leg
Shawn,5220,one-north,e2279aa,Other e2279aa
Nathan,5230,Punggol,7ecc37a,Magazine
Elizabeth,5240,Tampines,2f73670,Spring 2f73670
Danielle,5250,Jurong East,ed10321,Recently
Brad,5260,Bedok,db71943,Yourself
Kristina,5270,Bedok,fc292de,Enjoy
Jesus,5280,Punggol,0bb7aea,Will 0bb7aea
Lisa,5290,Tampines,06c0051,Guess 06c0051
Nichole,5300,Punggol,f5d2951,Sure f5d2951
Jeffrey,5310,Bedok,87fa6ca,Owner
Brandon,5320,one-north,2363beb,Charge 2363beb
Robin,5330,Punggol,441a250,Develop 441a250
Michael,5340,Bedok,d652273,Our d652273
Lindsey,5350,one-north,fc49681,Health
Michelle,5360,Punggol,abce10e,Interesting abce10e
Christopher,5370,Bedok,0c7c00f,Recently 0c7c00f
Lorraine,5380,Tampines,e75793a,About
Melissa,5390,Tampines,36b212e,Still 36b212e
William,5400,one-north,e2bf36d,Offer e2bf36d
Jessica,5410,Tampines,41ee9dc,Group
Joseph,5420,Tampines,e7cc841,Card e7cc841
Carolyn,5430,Tampines,d3f3d18,Feel
Abigail,5440,one-north,abe0ce0,If abe0ce0
Wendy,5450,Bedok,b68f3cc,Top
Brett,5460,Bedok,b24d681,Focus b24d681
Kelly,5470,Bedok,21dd8f5,Real
John,5480,Bedok,9f7ec27,Allow 9f7ec27
Randy,5490,Jurong East,0035c76,Manager
Patricia,5500,one-north,08bfca4,Heart 08bfca4
Michael,5510,Tampines,aaed2ba,Husband aaed2ba
Steven,5520,Tampines,853174b,Begin
Heidi,5530,Tampines,4467814,Military
Karen,5540,Punggol,f3cffbb,Attack
Kimberly,5550,one-north,abfe2b5,Kind
Karen,5560,Jurong East,8b0adf5,Too 8b0adf5
Amanda,5570,Jurong East,b7cd63a,Manage
Ellen,5580,Punggol,22c54ef,Body 22c54ef
April,5590,Bedok,26b1e45,Sell
Cheryl,5600,Punggol,00306df,Raise
Jennifer,5610,Jurong East,ed6dac3,Rise
Jesse,5620,one-north,72b7234,Miss
David,5630,Punggol,54b8f79,Challenge
Phillip,5640,Bedok,76978bd,Meeting 76978bd
Lindsey,5650,Tampines,6daa026,Break 6daa026
Deborah,5660,Punggol,380dd89,Hit
Mr.,5670,one-north,1434fb0,Present 1434fb0
Kevin,5680,Bedok,6b578fd,Drug 6b578fd
Michael,5690,Punggol,95dce99,Force 95dce99
Dana,5700,Bedok,2306442,Military
Dawn,5710,one-north,5261e29,Blue
David,5720,Tampines,bdfbbcc,Week bdfbbcc
Karen,5730,Tampines,c9a9713,Certain c9a9713
Tonya,5740,one-north,fd7976b,Measure
Dennis,5750,one-north,b984ce3,Effort b984ce3
Nicole,5760,Punggol,b99a94e,Partner
Todd,5770,Punggol,7d0ed23,Mrs
Amber,5780,Jurong East,24206b1,Loss 24206b1
Alvin,5790,Jurong East,ff2eedb,Throughout ff2eedb
Calvin,5800,Bedok,9f36e12,Care 9f36e12
Trevor,5810,Tampines,df2c403,Economic
Tanya,5820,Jurong East,3593109,Animal
Kyle,5830,Tampines,90fcdf3,Leg
Brett,5840,Jurong East,f490617,Statement f490617
Greg,5850,Bedok,6f1c3f8,Customer 6f1c3f8
Marissa,5860,Tampines,69cd332,Indicate 69cd332
Anthony,5870,Tampines,9952776,Particularly
Brian,5880,Punggol,d0cb47c,Change d0cb47c
Robert,5890,Tampines,a40eb63,Site a40eb63
Ethan,5900,Tampines,6f67145,Front 6f67145
Anthony,5910,Bedok,210cc40,Simply
Kristy,5920,Tampines,80faed3,Long 80faed3
Beth,5930,Tampines,9e6330d,Likely
Alexander,5940,Bedok,7ff18ed,Million
Erica,5950,Tampines,fd9d7a2,Or
Joshua,5960,one-north,6d23682,Member 6d23682
Jonathan,5970,one-north,4bf23d6,Thought
William,5980,Bedok,12ad6b6,Easy 12ad6b6
Gary,5990,Punggol,1768277,Enjoy 1768277
James,6000,one-north,8ff4981,Possible
Tyler,6010,Punggol,2c19a7f,Service 2c19a7f
Bryan,6020,Tampines,cbe7b55,Right cbe7b55
Lindsey,6030,Punggol,89e2c17,Oil
Anne,6040,Bedok,6ff8f95,Security
Kevin,6050,one-north,0382ae7,Job 0382ae7
Amy,6060,Tampines,8d563f8,Father
Kristy,6070,Tampines,c67d8cb,Research c67d8cb
Stephen,6080,Punggol,a4f2ec1,Company
Lauren,6090,Tampines,3fe5db0,Adult 3fe5db0
Tyler,6100,Bedok,19fefc2,Rule 19fefc2
Regina,6110,one-north,fa57317,Be fa57317
Jonathan,6120,Punggol,ec778c0,Interest
Jamie,6130,Jurong East,681c7b4,Later
April,6140,Tampines,8c67f22,Nation 8c67f22
Katie,6150,Tampines,f7f75a8,Finally
Kari,6160,one-north,1d39656,Upon 1d39656
Nathan,6170,Tampines,8ddf8c3,Beat
Vanessa,6180,Jurong East,4ea4082,Bad
Elizabeth,6190,Bedok,2cbc3dd,Before 2cbc3dd
Melissa,6200,one-north,1ba74b6,Against
Jessica,6210,Tampines,aeb2699,Model
Julian,6220,Punggol,6f705e3,Seek 6f705e3
Rachel,6230,Jurong East,fa1f5fc,Old fa1f5fc
Brian,6240,Jurong East,56a8845,Let
Michael,6250,Tampines,92287a4,Far
Kenneth,6260,Tampines,781c995,Conference
Joseph,6270,Tampines,9c46766,Item
Jessica,6280,Jurong East,aee2c89,Girl aee2c89
Thomas,6290,Tampines,3d539a8,Different 3d539a8
Abigail,6300,Tampines,fd7d2c8,Hand
Renee,6310,Bedok,b5c5241,Usually b5c5241
Crystal,6320,Jurong East,5a2d196,Condition 5a2d196
Jessica,6330,Tampines,2f619d6,Without 2f619d6
Elizabeth,6340,Jurong East,2c1d901,Religious
Ronald,6350,Tampines,a2a63e5,Now a2a63e5
Dr.,6360,one-north,89610a2,Group 89610a2
Michael,6370,one-north,48a94f2,Use
Kendra,6380,Jurong East,8056b7b,Out
Rebecca,6390,Jurong East,2d357cd,Protect 2d357cd
Kara,6400,Punggol,16ff1d9,Edge 16ff1d9
Justin,6410,one-north,3aecbfd,Your
Rachel,6420,Tampines,f6695a0,Improve
Nicole,6430,Punggol,9fcec67,Third 9fcec67
Michael,6440,Jurong East,6e047cf,Try
Kerri,6450,Jurong East,14cc432,Series 14cc432
Samuel,6460,Jurong East,33c4cfd,Magazine
Katie,6470,Jurong East,2eed6cc,Floor
Kayla,6480,Tampines,249cd12,Meeting 249cd12
Melissa,6490,Punggol,ebe778d,Hold ebe778d
Kimberly,6500,Tampines,d9f008f,Various
Bonnie,6510,Jurong East,02ffb94,More 02ffb94
Patrick,6520,Bedok,62023fe,Industry 62023fe
Hannah,6530,Bedok,f8265fb,Leave f8265fb
Vincent,6540,one-north,671ba4a,Physical
Norman,6550,Tampines,cde6882,Crime cde6882
Jim,6560,Tampines,c480563,Increase
Brett,6570,Punggol,2c69387,Ground
Patricia,6580,Punggol,9189727,Area 9189727
Matthew,6590,Jurong East,7cce626,At
Bonnie,6600,Bedok,70fa70e,Else 70fa70e
Logan,6610,Jurong East,bc0e4c5,Treatment bc0e4c5
Samantha,6620,Jurong East,21f49eb,There 21f49eb
Joseph,6630,Bedok,d59188b,Charge d59188b
Sara,6640,Bedok,11f13ed,Water
Jodi,6650,Tampines,b78eaa8,Sit
Amanda,6660,Bedok,d6410cd,How d6410cd
John,6670,Bedok,fe056e7,Trip fe056e7
Lisa,6680,Punggol,482a85d,Science
Amy,6690,one-north,e9c0a74,Wrong
Samantha,6700,one-north,2ea8298,Born 2ea8298
Andrew,6710,Punggol,bfc34a2,College
Matthew,6720,Tampines,ed78939,If ed78939
Nathan,6730,Tampines,3f9da48,Film 3f9da48
Alexandra,6740,Jurong East,b23dbb1,Tree
Micheal,6750,Bedok,f09c534,Night f09c534
Jeffrey,6760,Tampines,8a8db1a,Senior 8a8db1a
Jamie,6770,Tampines,7039634,Fly
Christopher,6780,one-north,a1cf467,Technology a1cf467
Timothy,6790,one-north,659a9c6,Discover 659a9c6
Jamie,6800,Tampines,bd042b7,Cover bd042b7
George,6810,Tampines,cbaafac,Direction
Leonard,6820,Tampines,3be7911,Various 3be7911
Christopher,6830,one-north,c649142,Should
Diana,6840,Jurong East,76a2588,Along 76a2588
Michael,6850,Jurong East,16cdd4a,Everything 16cdd4a
David,6860,one-north,de4dfb2,Another de4dfb2
Sarah,6870,Jurong East,cab2319,Throughout
Johnny,6880,Bedok,56bb66a,Test
Christopher,6890,Jurong East,b738fae,Soon b738fae
Melinda,6900,Punggol,cf4ce68,Grow
Reginald,6910,Jurong East,a5cc7e4,Environment a5cc7e4
Michael,6920,Punggol,1a1fac4,Evidence 1a1fac4
Connor,6930,Bedok,adcde59,Other
Karl,6940,Bedok,403df16,Relationship 403df16
Maurice,6950,Bedok,3cbd557,Far
Trevor,6960,Jurong East,c4586b0,Rather
Jason,6970,Bedok,b924e1b,Win b924e1b
Sean,6980,Jurong East,a19b1ef,Find a19b1ef
Richard,6990,Bedok,bac1469,Rest bac1469
Sara,7000,Jurong East,03a9853,Organization 03a9853
Larry,7010,Punggol,9bb95e2,Whom 9bb95e2
Danielle,7020,Punggol,7b588e9,Become 7b588e9
Ashley,7030,Tampines,4e72e56,Sense 4e72e56
Roberto,7040,Jurong East,fabfa0d,Strategy
Christopher,7050,one-north,8c7fbe7,Forget 8c7fbe7
Emily,7060,one-north,4615739,Wait 4615739
Brittany,7070,Bedok,0f13d5f,Current
Melissa,7080,Punggol,0f21cbe,Several
Bradley,7090,Punggol,a3c5348,Region
Jessica,7100,one-north,a03ff99,Forget
William,7110,Punggol,223f070,Really 223f070
David,7120,Jurong East,13be5b8,Trade 13be5b8
Claudia,7130,Jurong East,541dda1,Memory
Brian,7140,Punggol,59562cd,Body 59562cd
Shannon,7150,one-north,6a6f755,Bag
Miss,7160,Tampines,817b19e,Site
Bobby,7170,Tampines,f398e52,Various f398e52
Larry,7180,Jurong East,ae2692f,Adult ae2692f
Mary,7190,Jurong East,3e42d5b,Particularly
Janice,7200,Jurong East,2392f9a,Soldier
Jonathan,7210,one-north,82188fa,Close 82188fa
Bailey,7220,Tampines,b4452f5,Everyone b4452f5
Mrs.,7230,Jurong East,df0f943,Why
Katherine,7240,Punggol,cf588e2,Ago
Kelly,7250,Tampines,a92689d,Sure a92689d
Patricia,7260,Punggol,934f581,Life 934f581
Mckenzie,7270,Bedok,e04d2e2,Career
Brian,7280,Bedok,c16d17f,So c16d17f
Carrie,7290,Bedok,e3989e5,Risk
Chad,7300,Bedok,f39cf42,Interest
Tracy,7310,Bedok,631e9a2,He
Thomas,7320,Punggol,cd05860,Lead
Lauren,7330,Jurong East,94278cc,Movie 94278cc
Brooke,7340,Jurong East,c8eeec3,Pass
Kimberly,7350,Punggol,e8cda07,Most e8cda07
Sierra,7360,Punggol,fef43b8,Poor fef43b8
Greg,7370,Bedok,728a8e5,Break
Kathryn,7380,Bedok,457ee5f,Staff 457ee5f
Jackie,7390,Tampines,2f45623,Recent
Bridget,7400,Punggol,9b8e192,Inside
Susan,7410,Jurong East,9314365,Difficult 9314365
Brandi,7420,Bedok,cc02245,Industry
Deanna,7430,Punggol,43762cd,Each 43762cd
Melanie,7440,Punggol,09a4a2b,Support
Angela,7450,Jurong East,e29578f,Task
Elizabeth,7460,Bedok,c7566dc,Foot
William,7470,Punggol,365cf96,View
Monica,7480,Bedok,3d42ea8,Yet
Ashley,7490,Bedok,d3255f4,Bar d3255f4
Logan,7500,Punggol,723fbb1,Pretty
Tim,7510,Jurong East,061bc04,American
Daniel,7520,Punggol,f6ac957,Fish
Michael,7530,Jurong East,c52f90d,Scientist
Sean,7540,Jurong East,592dcc5,Adult
Eric,7550,Tampines,84f6ae1,Anything 84f6ae1
Justin,7560,one-north,20a2ffa,Hard
Justin,7570,Punggol,b2a29a5,Half b2a29a5
William,7580,Jurong East,3f99fbd,Hair
Luis,7590,Bedok,3f77eeb,Almost
Felicia,7600,one-north,d9e631c,Determine
Leah,7610,Jurong East,2096cb5,Response 2096cb5
Ann,7620,Jurong East,15e91e8,Face 15e91e8
Justin,7630,one-north,99ee4cf,Particular
Steve,7640,Jurong East,c050c5f,Share c050c5f
Kevin,7650,Tampines,438f91a,No
Eric,7660,Jurong East,42aaa36,Republican
Daniel,7670,Punggol,5c0816c,Him 5c0816c
Jimmy,7680,Punggol,75e1c29,Next
Richard,7690,Punggol,733bb9b,Important
Matthew,7700,Tampines,db22d0b,Approach
Jonathan,7710,Jurong East,d28b61e,Able
Taylor,7720,one-north,89ea219,Fear
Eugene,7730,Punggol,204b729,Office
Christina,7740,one-north,bf25792,Clear
Stephen,7750,Punggol,75ea77e,Media
Monica,7760,Punggol,85e973e,Exist 85e973e
Bradley,7770,Bedok,65196eb,Tell 65196eb
Rachel,7780,Jurong East,a6f6028,Different a6f6028
Madison,7790,Tampines,cd40dce,Son cd40dce
John,7800,Tampines,7bea16b,Modern 7bea16b
Anthony,7810,Jurong East,ab1e472,Possible ab1e472
Dr.,7820,Punggol,bf86efe,Road
Samuel,7830,Jurong East,7bea47d,Race 7bea47d
Jason,7840,Punggol,d0d3ee0,Include
Christopher,7850,Jurong East,de62948,Fear de62948
Thomas,7860,Punggol,de41bfe,Travel de41bfe
Cameron,7870,Punggol,130e58b,Speak
Ms.,7880,Tampines,4cad08c,Group
Christopher,7890,Punggol,354d3a3,Voice
Amanda,7900,Jurong East,6fce08f,From
Nancy,7910,Bedok,1252462,Action 1252462
Lisa,7920,Tampines,5c43a4c,No 5c43a4c
Darrell,7930,Tampines,638025a,Large 638025a
Philip,7940,one-north,23726f2,Instead 23726f2
Patrick,7950,Tampines,433633a,Term
Alexis,7960,Tampines,5bae92a,Today
Rhonda,7970,one-north,54158c2,Mention
Christine,7980,Punggol,77a5097,Other 77a5097
Lauren,7990,Punggol,3a6c092,Together
Ricardo,8000,Punggol,740ef2a,Data
Brian,8010,Bedok,5384080,Always
April,8020,Tampines,ee22d16,Standard ee22d16
Michelle,8030,Punggol,0833df6,High
Melissa,8040,Punggol,2924c26,Apply
Meagan,8050,Tampines,d5aec8c,Anything d5aec8c
Lisa,8060,Bedok,7e190af,Raise
Todd,8070,one-north,3424c86,Political
Jonathan,8080,Bedok,a8a407a,Final
James,8090,Tampines,6f9825d,Relate
Thomas,8100,Bedok,83ef2cf,Box
Sabrina,8110,Tampines,2bb6237,Range 2bb6237
Wendy,8120,Tampines,c872deb,Much c872deb
Gabriel,8130,Tampines,35dcf1c,Few
Monica,8140,one-north,3087707,Thought
Chad,8150,Bedok,5901248,Way 5901248
Krystal,8160,Jurong East,d3bc677,Bring d3bc677
Danielle,8170,Jurong East,df5c172,Major
Joseph,8180,Jurong East,fa959ad,Another
Valerie,8190,one-north,cc12586,Dinner cc12586
Ashley,8200,Jurong East,3429229,Trouble 3429229
Elizabeth,8210,Bedok,c59f0af,Do
Tony,8220,Tampines,f80def3,Capital
William,8230,Tampines,9845e30,Media 9845e30
Sara,8240,Tampines,0161846,Miss 0161846
Antonio,8250,Jurong East,ce5112a,Mean
Robert,8260,one-north,b1ff238,Staff b1ff238
Kelsey,8270,Tampines,af3d156,Staff af3d156
Charles,8280,one-north,63616ad,Affect
Shelby,8290,one-north,45f89a4,For
Rodney,8300,Punggol,9b69d83,Great 9b69d83
Billy,8310,Bedok,c866224,Each c866224
Benjamin,8320,Tampines,4ef2de2,Loss 4ef2de2
Patricia,8330,Tampines,c587455,Let
Jill,8340,one-north,0c11973,Skin
Sandra,8350,Tampines,b144f40,Evening b144f40
Nathaniel,8360,one-north,0df0f47,Likely 0df0f47
Jason,8370,Jurong East,5b3e022,Several 5b3e022
Charles,8380,Jurong East,55ef25b,Put
Andrew,8390,Punggol,821d991,Weight 821d991
Grace,8400,Tampines,8a142a8,Then 8a142a8
Kevin,8410,one-north,21f3b0c,Billion 21f3b0c
Tamara,8420,Punggol,69abf95,Look
Tammy,8430,Bedok,d387c6a,To d387c6a
Nicole,8440,Punggol,11bd25b,Agent
Trevor,8450,Bedok,8463ed5,Beautiful
Robert,8460,Tampines,97fd774,Field
David,8470,Punggol,1e99659,Cut
Morgan,8480,one-north,ea6fd81,Matter
Stephanie,8490,Jurong East,83b5290,Toward 83b5290
Jill,8500,Jurong East,a49a2d8,Call
David,8510,Tampines,7a2f360,Last
Cynthia,8520,Tampines,2edadc5,Degree
Mrs.,8530,one-north,bbda38c,Present bbda38c
Michelle,8540,Punggol,7fadceb,Ground 7fadceb
Jeremy,8550,Jurong East,a12184a,Rate a12184a
Christina,8560,Punggol,19f39e1,Include 19f39e1
Edward,8570,Bedok,7fdfd01,World 7fdfd01
Kevin,8580,Bedok,6218346,Need
Raymond,8590,Tampines,0441e3d,Scene
Christopher,8600,one-north,a5393e0,Baby a5393e0
Kimberly,8610,one-north,d2b9944,Challenge d2b9944
Breanna,8620,Bedok,b460a35,Director b460a35
Kyle,8630,Bedok,0aea170,Yard
Christopher,8640,one-north,19d90eb,Management
Jacob,8650,one-north,61e7e14,Ready 61e7e14
Mr.,8660,Bedok,a20d937,Camera
Curtis,8670,Tampines,1557319,Large
Rebecca,8680,Jurong East,a24b464,Technology
Tracy,8690,Punggol,1e38ea9,Occur 1e38ea9
Jesus,8700,Punggol,641f6fa,Theory 641f6fa
Brian,8710,Tampines,f8812dd,Could f8812dd
Wendy,8720,Bedok,eff486d,Tough eff486d
Kaitlin,8730,one-north,4be595c,Leader
Gerald,8740,Jurong East,8a3b3f0,Table 8a3b3f0
Thomas,8750,one-north,3d62a1b,Away 3d62a1b
Mr.,8760,Jurong East,53fdcb2,Include
Mr.,8770,Jurong East,c2cd2b0,Candidate
Susan,8780,one-north,1fad58a,Call 1fad58a
Stacy,8790,Tampines,47e7b58,Join 47e7b58
Joan,8800,Tampines,37f6631,Drug
Mary,8810,Jurong East,f6fcdb8,But f6fcdb8
George,8820,Punggol,1b7d3e7,Nor 1b7d3e7
Wyatt,8830,Punggol,3c7ccd1,Recently
Justin,8840,Punggol,13b4a71,Something 13b4a71
Johnny,8850,one-north,58b0f30,Always
Nicole,8860,Jurong East,9a0b643,Right
Tasha,8870,Jurong East,f06a9f6,Situation
Kathryn,8880,one-north,dccf58c,Investment
Joseph,8890,Jurong East,d6a262f,Second d6a262f
Lisa,8900,Jurong East,211b54e,Race 211b54e
Miranda,8910,Punggol,b21a1df,Indeed
Bruce,8920,one-north,857789d,Force
John,8930,Tampines,c270a97,Song c270a97
Anthony,8940,Jurong East,a083f2f,Like
Richard,8950,Tampines,040f233,Feel 040f233
Zachary,8960,Tampines,eaa1a23,Situation eaa1a23
Raymond,8970,one-north,39b05a5,Organization
Amy,8980,one-north,9ff0980,Future 9ff0980
Eric,8990,Punggol,19f91b1,Interest
Joseph,9000,Punggol,8256b87,Lot 8256b87
Nicole,9010,Punggol,777750e,Either 777750e
Dr.,9020,Tampines,ded0550,Degree
Bonnie,9030,one-north,c67dd57,Seem
Scott,9040,Jurong East,182fd27,List 182fd27
Andrew,9050,one-north,e24152d,Including e24152d
Danielle,9060,Jurong East,9eeb60d,Big
Michael,9070,one-north,2c504c3,Company
Amanda,9080,Punggol,19f9776,Commercial
Amy,9090,Jurong East,121bb23,Face 121bb23
Jonathan,9100,Tampines,93c3e2c,According 93c3e2c
Margaret,9110,Punggol,9686ad2,Together 9686ad2
John,9120,Jurong East,a7660ab,Less
Sandra,9130,Jurong East,e7f8d38,Different
Heidi,9140,Jurong East,8ca43d5,Catch 8ca43d5
Charles,9150,Punggol,5147e83,Parent 5147e83
Sarah,9160,Punggol,aeaaa24,Pm
Danielle,9170,one-north,ddcdd1b,Discuss
Travis,9180,Tampines,90ec49e,Compare 90ec49e
Shari,9190,Punggol,41d1314,Manage
Dr.,9200,Tampines,d32e368,Night d32e368
Daniel,9210,Punggol,5e337dd,Culture
Richard,9220,Tampines,381c8ad,Instead
Karen,9230,Jurong East,4116ca5,Hit 4116ca5
Andrew,9240,Jurong East,1f8197c,Even
Jennifer,9250,Jurong East,155899d,Score
Peter,9260,Punggol,966d4ce,I
Jordan,9270,one-north,523fa98,Party 523fa98
Andrea,9280,Bedok,805f942,On 805f942
Charles,9290,Tampines,a99cf13,Owner
Nicole,9300,Punggol,8b40a6c,Organization 8b40a6c
Thomas,9310,Jurong East,280f444,Big
Patrick,9320,Bedok,b0aa61f,Inside
Mark,9330,Punggol,43f92f9,Sort
Ricky,9340,Bedok,988c83e,North 988c83e
Katrina,9350,Bedok,02d7998,Where 02d7998
Brittney,9360,Punggol,fdb5728,Plant fdb5728
Michelle,9370,Bedok,9244ceb,Head
David,9380,Bedok,c67b69b,Reason c67b69b
Molly,9390,Tampines,c17e7e8,Military c17e7e8
William,9400,one-north,f9df20c,Here
Trevor,9410,one-north,8003220,Field 8003220
Alison,9420,one-north,4307522,Range
Justin,9430,Tampines,a200ce3,Decade
Norman,9440,Bedok,8e4477e,Along
Anna,9450,Bedok,aee2275,First aee2275
Dr.,9460,one-north,25e9f95,Cup 25e9f95
Jessica,9470,Tampines,0a3e4e8,Life
Jennifer,9480,Tampines,172a7c9,Likely
John,9490,Jurong East,fce7516,Even
Heather,9500,Punggol,1c4cee3,Scientist 1c4cee3
Rebecca,9510,Jurong East,a67ea3b,Without
Harold,9520,Jurong East,5f90276,Successful 5f90276
Sonya,9530,Tampines,1fe6a51,Miss
Katie,9540,Tampines,dba70e8,Major dba70e8
Whitney,9550,Jurong East,f61222e,Gas f61222e
Ray,9560,Punggol,da9bdcd,Agent da9bdcd
Jonathan,9570,one-north,b002a6f,Six
Derek,9580,Bedok,2930121,Break
Amy,9590,Jurong East,f054fd7,Ten
Lynn,9600,Bedok,e462591,One
Aaron,9610,Tampines,29742bc,Word
Julie,9620,Tampines,b35a7ac,Sense b35a7ac
April,9630,Punggol,077de8b,Nearly 077de8b
Shirley,9640,one-north,ef4ea69,Activity ef4ea69
Michael,9650,one-north,50da6c2,Quickly 50da6c2
Daniel,9660,Tampines,afbb34d,Candidate
Ms.,9670,Jurong East,467f148,Until
Daniel,9680,Punggol,5dd08bc,Out 5dd08bc
Anthony,9690,Jurong East,c805710,Especially
Rebecca,9700,Bedok,12f831a,Art 12f831a
Bernard,9710,Bedok,ef5ff3d,Will ef5ff3d
Joseph,9720,Bedok,66414f7,Follow 66414f7
Daniel,9730,Punggol,13b6eae,Special
Alyssa,9740,Tampines,13058c1,Character 13058c1
William,9750,Tampines,b634814,Ball
Albert,9760,Bedok,e65488e,Red e65488e
Jeremy,9770,Jurong East,0c514b4,Cell 0c514b4
Haley,9780,one-north,a4aefca,All
Ann,9790,Jurong East,6716d7a,Need 6716d7a
Jenna,9800,one-north,fb1d668,Really fb1d668
Manuel,9810,Jurong East,37364ff,Agent
Brian,9820,one-north,32febe4,Career
John,9830,Tampines,2348538,High
Joanne,9840,one-north,4b3fd06,Hair 4b3fd06
Jose,9850,one-north,0766f06,Certain 0766f06
Lindsey,9860,one-north,2438935,Least 2438935
Kenneth,9870,Punggol,c7e6c7b,Degree
Russell,9880,Punggol,1633f94,Ten 1633f94
Anthony,9890,Bedok,0b82367,Recognize
Kelly,9900,Jurong East,2833b1d,Know 2833b1d
Carol,9910,Jurong East,ab5f7c6,Majority
Robert,9920,Punggol,4b17499,Body 4b17499
Nicole,9930,one-north,7b60934,Sport 7b60934
Michael,9940,Jurong East,66c113a,Radio
Katie,9950,Bedok,eea4d14,Six
Steven,9960,Jurong East,03589c3,Wish 03589c3
Ashley,9970,one-north,44daeee,Indeed
Clinton,9980,Jurong East,6b602f9,Character 6b602f9
Kelly,9990,Bedok,cd6c206,Century
Penny,10000,Bedok,20d403b,Involve
